{
  "Request 1 - second user" : {
    "transaction" : "Request 1 - second user",
    "sampleCount" : 6,
    "errorCount" : 0,
    "errorPct" : 0.0,
    "meanResTime" : 353.3333333333333,
    "medianResTime" : 272.5,
    "minResTime" : 234.0,
    "maxResTime" : 736.0,
    "pct1ResTime" : 736.0,
    "pct2ResTime" : 736.0,
    "pct3ResTime" : 736.0,
    "throughput" : 8.152173913043478,
    "receivedKBytesPerSec" : 18.89966881793478,
    "sentKBytesPerSec" : 1.0588272758152175
  },
  "Request 2 - access second user by id = 6943044" : {
    "transaction" : "Request 2 - access second user by id = 6943044",
    "sampleCount" : 6,
    "errorCount" : 0,
    "errorPct" : 0.0,
    "meanResTime" : 238.5,
    "medianResTime" : 233.0,
    "minResTime" : 222.0,
    "maxResTime" : 266.0,
    "pct1ResTime" : 266.0,
    "pct2ResTime" : 266.0,
    "pct3ResTime" : 266.0,
    "throughput" : 22.55639097744361,
    "receivedKBytesPerSec" : 23.745888157894736,
    "sentKBytesPerSec" : 3.083881578947368
  },
  "Total" : {
    "transaction" : "Total",
    "sampleCount" : 18,
    "errorCount" : 0,
    "errorPct" : 0.0,
    "meanResTime" : 279.1111111111112,
    "medianResTime" : 247.0,
    "minResTime" : 222.0,
    "maxResTime" : 736.0,
    "pct1ResTime" : 386.8000000000005,
    "pct2ResTime" : 736.0,
    "pct3ResTime" : 736.0,
    "throughput" : 24.456521739130437,
    "receivedKBytesPerSec" : 43.60298488451087,
    "sentKBytesPerSec" : 3.3357039741847827
  },
  "Request 3 - open second user post page" : {
    "transaction" : "Request 3 - open second user post page",
    "sampleCount" : 6,
    "errorCount" : 0,
    "errorPct" : 0.0,
    "meanResTime" : 245.5,
    "medianResTime" : 244.0,
    "minResTime" : 241.0,
    "maxResTime" : 252.0,
    "pct1ResTime" : 252.0,
    "pct2ResTime" : 252.0,
    "pct3ResTime" : 252.0,
    "throughput" : 23.809523809523807,
    "receivedKBytesPerSec" : 47.084263392857146,
    "sentKBytesPerSec" : 3.394717261904762
  }
}